{
  "project_info": {
    "project_number": "92720287535",
    "project_id": "mice-plan-bc6ae",
    "storage_bucket": "mice-plan-bc6ae.firebasestorage.app"
  },
  "client": [
    {
      "client_info": {
        "mobilesdk_app_id": "1:92720287535:android:841f0a4c3b6f5b86cc5bda",
        "android_client_info": {
          "package_name": "com.mp_db.miceplan"
        }
      },
      "oauth_client": [],
      "api_key": [
        {
          "current_key": "AIzaSyD2pGremjNFmXOq8NXKXTBf5v9rbw23am4"
        }
      ],
      "services": {
        "appinvite_service": {
          "other_platform_oauth_client": []
        }
      }
    }
  ],
  "configuration_version": "1"
}